,id,direction,title
,,,
0.0,137j3x4,https://www.businessinsider.com/google-employees-mocking-sundar-pichai-memes-layoffs-pay-2023-5,"Angry Google employees are mocking CEO Sundar Pichai's pay hike with memes, including one of a 'Shrek' villain, report says"
1.0,13c3v84,https://www.businessinsider.com/customers-are-hesitant-to-tip-at-self-check-out-2023-5,Customers are being asked to tip even at self check-out. Some say it's 'emotional blackmail.'
2.0,136yz9w,https://www.businessinsider.com/airbnb-taking-action-annoying-checkout-chores-cleaning-rating-2023-5,Airbnb will now tell you about any annoying checkout chores a host requires before you book — and take off listings that get low reviews for chore lists
3.0,138zkn9,https://nypost.com/2023/05/05/google-senior-software-engineer-31-jumps-to-death-from-nyc-headquarters/,"Google engineer, 31, jumps to death in NYC, second worker suicide in months"
4.0,1364818,https://www.vice.com/en/article/m7bvbv/anti-porn-lobbyists-pressure-reddit-to-shut-down-its-nsfw-communities,Anti-porn lobbyists pressure Reddit to shut down its NSFW communities
5.0,13bu0u8,https://www.thedrive.com/news/ford-ceo-says-it-will-keep-apple-carplay-android-auto-we-lost-that-battle-10-years-ago,"Ford CEO Says It Will Keep Apple CarPlay, Android Auto: ‘We Lost That Battle 10 Years Ago’"
6.0,1385vs3,https://www.vice.com/en/article/wxjd4y/verified-twitter-accounts-spread-misinfo-about-imminent-nuclear-strike,Verified Twitter Accounts Spread Misinfo About Imminent Nuclear Strike
7.0,138fwkv,https://nationalpost.com/news/politics/crtc-ban-fox-news-canadian-cable,CRTC considering banning Fox News from Canadian cable packages
8.0,13b770y,https://nypost.com/2023/05/05/billionaire-peter-thiel-still-plans-to-be-frozen-after-death-for-potential-revival-i-dont-necessarily-expect-it-to-work/?utm_campaign=iphone_nyp&utm_source=pasteboard_app,Billionaire Peter Thiel still plans to be frozen after death for potential revival: ‘I don’t necessarily expect it to work’
9.0,136m6es,https://www.vice.com/en/article/pkap3m/gpt-4-cant-replace-striking-tv-writers-but-studios-are-going-to-try,"GPT-4 Can’t Replace Striking TV Writers, But Studios Are Going to Try"
10.0,13ao8i6,https://www.ctvnews.ca/business/chatgpt-can-pick-stocks-better-than-your-fund-manager-1.6386348,ChatGPT can pick stocks better than your fund manager
11.0,139jtd5,https://www.nature.com/articles/d41586-023-01487-y,‘Remarkable’ AI tool designs mRNA vaccines that are more potent and stable
12.0,13a71t5,https://arstechnica.com/information-technology/2023/05/critics-take-aim-at-bidens-ai-meeting-with-ceos-from-google-openai-microsoft/,President Biden meets with AI CEOs at the White House amid ethical criticism
13.0,1399iip,https://www.engadget.com/white-house-proposes-30-percent-tax-on-electricity-used-for-crypto-mining-090342986.html,White House proposes 30 percent tax on electricity used for crypto mining
14.0,13925tq,https://analyticsindiamag.com/an-entire-generation-is-studying-for-jobs-that-wont-exist/,An Entire Generation is Studying for Jobs that Won't Exist
